{
    "parent": "minecraft:item/generated",
    "textures": {
        "layer0": "minecraft:item/bowl"
	},
	"overrides": [
	{"predicate": 
		{"custom_model_data": 1},"model": "minecraft:item/n"},	
	{"predicate": 
		{"custom_model_data": 2},"model": "minecraft:item/s"},	
	{"predicate": 
		{"custom_model_data": 3},"model": "minecraft:item/e"},	
	{"predicate": 
		{"custom_model_data": 4},"model": "minecraft:item/w"},	
	{"predicate": 
		{"custom_model_data": 5},"model": "minecraft:item/ne"},	
	{"predicate": 
		{"custom_model_data": 6},"model": "minecraft:item/nw"},	
	{"predicate": 
		{"custom_model_data": 7},"model": "minecraft:item/se"},	
	{"predicate": 
		{"custom_model_data": 8},"model": "minecraft:item/sw"}
	]
}