{
	"credit": "Made with Blockbench",
	"textures": {
		"0": "block/warped_trapdoor",
		"particle": "block/warped_trapdoor"
	},
	"elements": [
		{
			"from": [0, 14, 2],
			"to": [16, 15, 4],
			"faces": {
				"north": {"uv": [0, 3, 16, 4], "texture": "#0"},
				"east": {"uv": [3.5, 3, 4.5, 5], "rotation": 90, "texture": "#0"},
				"south": {"uv": [0, 4, 16, 5], "texture": "#0"},
				"west": {"uv": [3.5, 3, 4.5, 5], "rotation": 270, "texture": "#0"},
				"up": {"uv": [0, 3, 16, 5], "texture": "#0"},
				"down": {"uv": [0, 3, 16, 5], "texture": "#0"}
			}
		},
		{
			"from": [8.5, 13, 0],
			"to": [11.5, 16, 16],
			"faces": {
				"north": {"uv": [8.5, 0, 11.5, 3], "texture": "#0"},
				"east": {"uv": [8.5, 0, 11.5, 16], "rotation": 90, "texture": "#0"},
				"south": {"uv": [8.5, 13, 11.5, 16], "texture": "#0"},
				"west": {"uv": [8.5, 0, 11.5, 16], "rotation": 90, "texture": "#0"},
				"up": {"uv": [8.5, 0, 11.5, 16], "texture": "#0"},
				"down": {"uv": [8.5, 0, 11.5, 16], "texture": "#0"}
			}
		},
		{
			"from": [0.5, 13, 0],
			"to": [3.5, 16, 16],
			"faces": {
				"north": {"uv": [0.5, 0, 3.5, 3], "texture": "#0"},
				"east": {"uv": [0.5, 0, 3.5, 16], "texture": "#0"},
				"south": {"uv": [0.5, 13, 3.5, 16], "texture": "#0"},
				"west": {"uv": [0.5, 0, 3.5, 16], "rotation": 90, "texture": "#0"},
				"up": {"uv": [0.5, 0, 3.5, 16], "texture": "#0"},
				"down": {"uv": [0.5, 0, 3.5, 16], "texture": "#0"}
			}
		},
		{
			"from": [12.5, 13, 0],
			"to": [15.5, 16, 16],
			"faces": {
				"north": {"uv": [12.5, 0, 15.5, 3], "texture": "#0"},
				"east": {"uv": [12.5, 0, 15.5, 16], "rotation": 90, "texture": "#0"},
				"south": {"uv": [12.5, 13, 15.5, 16], "texture": "#0"},
				"west": {"uv": [12.5, 0, 15.5, 16], "rotation": 90, "texture": "#0"},
				"up": {"uv": [12.5, 0, 15.5, 16], "texture": "#0"},
				"down": {"uv": [12.5, 0, 15.5, 16], "texture": "#0"}
			}
		},
		{
			"from": [0, 14, 12],
			"to": [16, 15, 14],
			"faces": {
				"north": {"uv": [0, 11, 16, 12], "texture": "#0"},
				"east": {"uv": [3.5, 11, 4.5, 13], "rotation": 90, "texture": "#0"},
				"south": {"uv": [0, 12, 16, 13], "texture": "#0"},
				"west": {"uv": [3.5, 11, 4.5, 13], "rotation": 270, "texture": "#0"},
				"up": {"uv": [0, 11, 16, 13], "texture": "#0"},
				"down": {"uv": [0, 11, 16, 13], "texture": "#0"}
			}
		},
		{
			"from": [4.5, 13, 0],
			"to": [7.5, 16, 16],
			"faces": {
				"north": {"uv": [4.5, 0, 7.5, 3], "texture": "#0"},
				"east": {"uv": [4.5, 0, 7.5, 16], "rotation": 90, "texture": "#0"},
				"south": {"uv": [4.5, 13, 7.5, 16], "texture": "#0"},
				"west": {"uv": [4.5, 0, 7.5, 16], "rotation": 90, "texture": "#0"},
				"up": {"uv": [4.5, 0, 7.5, 16], "texture": "#0"},
				"down": {"uv": [4.5, 0, 7.5, 16], "texture": "#0"}
			}
		}
	],
	"display": {
		"thirdperson_righthand": {
			"rotation": [75, 45, 0],
			"translation": [0, 2.5, 0],
			"scale": [0.375, 0.375, 0.375]
		},
		"thirdperson_lefthand": {
			"rotation": [75, 45, 0],
			"translation": [0, 2.5, 0],
			"scale": [0.375, 0.375, 0.375]
		},
		"firstperson_righthand": {
			"rotation": [0, 45, 0],
			"translation": [0, 3.25, 0],
			"scale": [0.4, 0.4, 0.4]
		},
		"firstperson_lefthand": {
			"rotation": [0, 225, 0],
			"translation": [0, 3.25, 0],
			"scale": [0.4, 0.4, 0.4]
		},
		"ground": {
			"translation": [0, 3, 0],
			"scale": [0.25, 0.25, 0.25]
		},
		"gui": {
			"rotation": [30, 225, 0],
			"scale": [0.625, 0.625, 0.625]
		},
		"head": {
			"rotation": [0, 180, 0],
			"translation": [0, 13, 7]
		},
		"fixed": {
			"scale": [0.5, 0.5, 0.5]
		}
	},
	"groups": [
		{
			"name": "group",
			"origin": [8, 8, 8],
			"color": 0,
			"children": [0, 1, 2, 3, 4, 5]
		}
	]
}