{
	"credit": "Made with Blockbench",
	"texture_size": [32, 32],
	"textures": {
		"0": "block/oak_trapdoor",
		"1": "block/oak_trapdoor-1",
		"particle": "block/oak_trapdoor"
	},
	"elements": [
		{
			"from": [0, 10, 13],
			"to": [16, 13, 16],
			"faces": {
				"north": {"uv": [0, 3, 16, 6], "texture": "#0"},
				"east": {"uv": [3, 3, 6, 6], "rotation": 90, "texture": "#0"},
				"south": {"uv": [0, 3, 16, 6], "rotation": 180, "texture": "#1"},
				"west": {"uv": [6.5, 3, 9.5, 6], "rotation": 270, "texture": "#0"},
				"up": {"uv": [0, 3, 16, 6], "texture": "#0"},
				"down": {"uv": [0, 3, 16, 6], "rotation": 180, "texture": "#0"}
			}
		},
		{
			"from": [0, 2, 13],
			"to": [16, 5, 16],
			"faces": {
				"north": {"uv": [0, 11, 16, 14], "texture": "#0"},
				"east": {"uv": [2.5, 11, 5.5, 14], "rotation": 90, "texture": "#0"},
				"south": {"uv": [0, 11, 16, 14], "rotation": 180, "texture": "#1"},
				"west": {"uv": [6.5, 11, 9.5, 14], "rotation": 270, "texture": "#0"},
				"up": {"uv": [0, 11, 16, 14], "texture": "#0"},
				"down": {"uv": [0, 11, 16, 14], "rotation": 180, "texture": "#0"}
			}
		},
		{
			"from": [0.5, 0, 14],
			"to": [4, 16, 16],
			"faces": {
				"north": {"uv": [12, 0, 15.5, 16], "texture": "#0"},
				"east": {"uv": [12, 0, 14, 16], "texture": "#0"},
				"south": {"uv": [12, 0, 15.5, 16], "texture": "#0"},
				"west": {"uv": [13.5, 0, 15.5, 16], "texture": "#0"},
				"up": {"uv": [12, 14, 15.5, 16], "texture": "#0"},
				"down": {"uv": [12, 0, 15.5, 2], "rotation": 180, "texture": "#0"}
			}
		},
		{
			"from": [8.5, 0, 14],
			"to": [11.5, 16, 16],
			"faces": {
				"north": {"uv": [4.5, 0, 7.5, 16], "texture": "#0"},
				"east": {"uv": [4.5, 0, 6.5, 16], "texture": "#0"},
				"south": {"uv": [4.5, 0, 7.5, 16], "texture": "#0"},
				"west": {"uv": [5.5, 0, 7.5, 16], "texture": "#0"},
				"up": {"uv": [4.5, 14, 7.5, 16], "texture": "#0"},
				"down": {"uv": [4.5, 0, 7.5, 2], "rotation": 180, "texture": "#0"}
			}
		},
		{
			"from": [12, 0, 14],
			"to": [15.5, 16, 16],
			"faces": {
				"north": {"uv": [0.5, 0, 4, 16], "texture": "#0"},
				"east": {"uv": [0.5, 0, 2.5, 16], "texture": "#0"},
				"south": {"uv": [0.5, 0, 4, 16], "texture": "#0"},
				"west": {"uv": [0.5, 0, 2.5, 16], "texture": "#0"},
				"up": {"uv": [0.5, 14, 4, 16], "texture": "#0"},
				"down": {"uv": [0.5, 0, 4, 2], "rotation": 180, "texture": "#0"}
			}
		},
		{
			"from": [4.5, 0, 14],
			"to": [8, 16, 16],
			"faces": {
				"north": {"uv": [8, 0, 11.5, 16], "texture": "#0"},
				"east": {"uv": [8, 0, 10, 16], "texture": "#0"},
				"south": {"uv": [8, 0, 11.5, 16], "texture": "#0"},
				"west": {"uv": [9.5, 0, 11.5, 16], "texture": "#0"},
				"up": {"uv": [8, 14, 11.5, 16], "texture": "#0"},
				"down": {"uv": [8, 0, 11.5, 2], "rotation": 180, "texture": "#0"}
			}
		}
	],
	"groups": [
		{
			"name": "group",
			"origin": [8, 8, 8],
			"children": [0, 1, 2, 3, 4, 5]
		}
	]
}