{
	"credit": "Made with Blockbench by denden",
	"textures": {
		"1": "item/gas_grenade_model/red",
		"2": "item/gas_grenade_model/yellow",
		"3": "item/gas_grenade_model/top",
		"4": "item/gas_grenade_model/1",
		"particle": "custom_item/gas_grenade_model/top"
	},
	"elements": [
		{
			"from": [7.5, 9, 5.5],
			"to": [9.5, 9.5, 7.5],
			"rotation": {"angle": 22.5, "axis": "x", "origin": [0, 0, 0]},
			"faces": {
				"north": {"uv": [2, 0, 4, 1], "texture": "#3"},
				"east": {"uv": [2, 1, 4, 2], "texture": "#4"},
				"south": {"uv": [2, 2, 4, 3], "texture": "#4"},
				"west": {"uv": [2, 3, 4, 4], "texture": "#3"},
				"up": {"uv": [2, 2, 0, 0], "texture": "#3"},
				"down": {"uv": [2, 2, 0, 4], "texture": "#4"}
			}
		},
		{
			"from": [7, 5.5, 5],
			"to": [10, 9, 8],
			"rotation": {"angle": 22.5, "axis": "x", "origin": [0, 0, 0]},
			"faces": {
				"north": {"uv": [0, 0, 3, 4], "texture": "#2"},
				"east": {"uv": [3, 0, 6, 4], "texture": "#2"},
				"south": {"uv": [0, 4, 3, 8], "texture": "#2"},
				"west": {"uv": [3, 4, 6, 8], "texture": "#2"},
				"up": {"uv": [9, 3, 6, 0], "texture": "#2"},
				"down": {"uv": [9, 3, 6, 6], "texture": "#2"}
			}
		},
		{
			"from": [7.25, 4, 5.25],
			"to": [9.75, 5.5, 7.75],
			"rotation": {"angle": 22.5, "axis": "x", "origin": [0, 0, 0]},
			"faces": {
				"north": {"uv": [0, 0, 3, 12], "texture": "#4"},
				"east": {"uv": [3, 0, 6, 12], "texture": "#4"},
				"south": {"uv": [6, 0, 9, 12], "texture": "#3"},
				"west": {"uv": [9, 0, 12, 12], "texture": "#4"},
				"up": {"uv": [3, 15, 0, 12], "texture": "#missing"},
				"down": {"uv": [15, 0, 12, 3], "texture": "#missing"}
			}
		},
		{
			"name": "under",
			"from": [7, 2, 5],
			"to": [10, 4, 8],
			"rotation": {"angle": 22.5, "axis": "x", "origin": [0, 0, 0]},
			"faces": {
				"north": {"uv": [0, 0, 3, 12], "texture": "#1"},
				"east": {"uv": [3, 0, 6, 12], "texture": "#1"},
				"south": {"uv": [6, 0, 9, 12], "texture": "#1"},
				"west": {"uv": [9, 0, 12, 12], "texture": "#1"},
				"up": {"uv": [3, 15, 0, 12], "texture": "#1"},
				"down": {"uv": [15, 0, 12, 3], "texture": "#1"}
			}
		}
	]
}