{
	"credit": "Made with Blockbench by denden",
	"texture_size": [64, 64],
	"textures": {
		"0": "custom_item/gas_trap_model/gold",
		"1": "custom_item/gas_trap_model/balloon",
		"2": "custom_item/gas_trap_model/under"
	},
	"elements": [
		{
			"from": [4, 31, 4],
			"to": [12, 32, 12],
			"faces": {
				"north": {"uv": [8, 0, 16, 1], "texture": "#0"},
				"east": {"uv": [8, 1, 16, 2], "texture": "#0"},
				"south": {"uv": [8, 2, 16, 3], "texture": "#0"},
				"west": {"uv": [8, 3, 16, 4], "texture": "#0"},
				"up": {"uv": [8, 8, 0, 0], "texture": "#0"},
				"down": {"uv": [8, 8, 0, 16], "texture": "#0"}
			}
		},
		{
			"from": [3, 29, 3],
			"to": [13, 30, 13],
			"faces": {
				"north": {"uv": [0, 0, 16, 10.5], "texture": "#0"},
				"east": {"uv": [0, 0, 16, 11.5], "texture": "#0"},
				"south": {"uv": [0, 0, 16, 10.5], "texture": "#0"},
				"west": {"uv": [0, 0, 16, 12], "texture": "#0"},
				"up": {"uv": [0, 0, 16, 10.5], "texture": "#0"},
				"down": {"uv": [0, 0, 16, 11], "texture": "#0"}
			}
		},
		{
			"from": [3.5, 30, 3.5],
			"to": [12.5, 31, 12.5],
			"faces": {
				"north": {"uv": [4.5, 0, 9, 0.5], "texture": "#0"},
				"east": {"uv": [4.5, 0.5, 9, 1], "texture": "#0"},
				"south": {"uv": [4.5, 1, 9, 1.5], "texture": "#0"},
				"west": {"uv": [4.5, 1.5, 9, 2], "texture": "#0"},
				"up": {"uv": [4.5, 4.5, 0, 0], "texture": "#0"},
				"down": {"uv": [4.5, 4.5, 0, 9], "texture": "#0"}
			}
		},
		{
			"name": "土台",
			"from": [3, -5, 3],
			"to": [13, -3, 13],
			"rotation": {"angle": 0, "axis": "y", "origin": [0, 0, 9]},
			"faces": {
				"north": {"uv": [0, 0, 16, 10], "texture": "#0"},
				"east": {"uv": [0, 0, 16, 9], "texture": "#0"},
				"south": {"uv": [0, 0, 16, 10], "texture": "#0"},
				"west": {"uv": [0, 0, 16, 9.5], "texture": "#0"},
				"up": {"uv": [0, 0, 16, 7.44444], "texture": "#0"},
				"down": {"uv": [0, 0, 16, 9.94444], "texture": "#0"}
			}
		},
		{
			"name": "土台N",
			"from": [4.5, -5, 2.5],
			"to": [11.5, -3, 3.5],
			"rotation": {"angle": 0, "axis": "y", "origin": [0, 0, 9]},
			"faces": {
				"north": {"uv": [0, 0, 16, 13], "texture": "#0"},
				"east": {"uv": [0, 0, 16, 10], "texture": "#0"},
				"south": {"uv": [0, 0, 16, 11.5], "texture": "#0"},
				"west": {"uv": [0, 0, 16, 11.5], "texture": "#0"},
				"up": {"uv": [0, 0, 16, 8.5], "texture": "#0"},
				"down": {"uv": [0, 0, 16, 9], "texture": "#0"}
			}
		},
		{
			"name": "土台N2",
			"from": [5.5, -5, 2],
			"to": [10.5, -3, 3],
			"rotation": {"angle": 0, "axis": "y", "origin": [0, 0, 9]},
			"faces": {
				"north": {"uv": [0, 0, 16, 12.5], "texture": "#0"},
				"east": {"uv": [0, 0, 16, 12], "texture": "#0"},
				"south": {"uv": [0, 0, 16, 14], "texture": "#0"},
				"west": {"uv": [0, 0, 16, 13], "texture": "#0"},
				"up": {"uv": [0, 0, 16, 11.5], "texture": "#0"},
				"down": {"uv": [0, 0, 16, 12.5], "texture": "#0"}
			}
		},
		{
			"name": "土台S",
			"from": [5, -5, 13],
			"to": [11, -3, 14],
			"rotation": {"angle": 0, "axis": "y", "origin": [0, 0, 9]},
			"faces": {
				"north": {"uv": [0, 0, 16, 10.5], "texture": "#0"},
				"east": {"uv": [0, 0, 16, 9.5], "texture": "#0"},
				"south": {"uv": [0, 0, 16, 9.5], "texture": "#0"},
				"west": {"uv": [0, 0, 16, 9.5], "texture": "#0"},
				"up": {"uv": [0, 0, 16, 9.5], "texture": "#0"},
				"down": {"uv": [0, 0, 16, 10], "texture": "#0"}
			}
		},
		{
			"name": "土台S2",
			"from": [4.5, -5, 12.5],
			"to": [11.5, -3, 13.5],
			"rotation": {"angle": 0, "axis": "y", "origin": [0, 0, 9]},
			"faces": {
				"north": {"uv": [0, 0, 16, 12], "texture": "#0"},
				"east": {"uv": [0, 0, 16, 12], "texture": "#0"},
				"south": {"uv": [0, 0, 16, 12], "texture": "#0"},
				"west": {"uv": [0, 0, 16, 12], "texture": "#0"},
				"up": {"uv": [0, 0, 16, 12], "texture": "#0"},
				"down": {"uv": [0, 0, 16, 12], "texture": "#0"}
			}
		},
		{
			"name": "土台W",
			"from": [2.5, -5, 4.5],
			"to": [3.5, -3, 11.5],
			"rotation": {"angle": 0, "axis": "y", "origin": [0, 0, 9]},
			"faces": {
				"north": {"uv": [0, 0, 16, 10.5], "texture": "#0"},
				"east": {"uv": [0, 0, 16, 10], "texture": "#0"},
				"south": {"uv": [0, 0, 16, 13], "texture": "#0"},
				"west": {"uv": [0, 0, 16, 9], "texture": "#0"},
				"up": {"uv": [0, 0, 16, 11.5], "rotation": 270, "texture": "#0"},
				"down": {"uv": [0, 0, 16, 9], "rotation": 90, "texture": "#0"}
			}
		},
		{
			"name": "土台W2",
			"from": [2, -5, 5.5],
			"to": [3, -3, 10.5],
			"rotation": {"angle": 0, "axis": "y", "origin": [0, 0, 9]},
			"faces": {
				"north": {"uv": [0, 0, 16, 12.5], "texture": "#0"},
				"east": {"uv": [0, 0, 16, 13], "texture": "#0"},
				"south": {"uv": [0, 0, 16, 13], "texture": "#0"},
				"west": {"uv": [0, 0, 16, 11.5], "texture": "#0"},
				"up": {"uv": [0, 0, 16, 15.5], "rotation": 270, "texture": "#0"},
				"down": {"uv": [0, 0, 16, 11.5], "rotation": 90, "texture": "#0"}
			}
		},
		{
			"name": "土台E",
			"from": [13, -5, 5.5],
			"to": [14, -3, 10.5],
			"rotation": {"angle": 0, "axis": "y", "origin": [0, 0, 9]},
			"faces": {
				"north": {"uv": [0, 0, 16, 14], "texture": "#0"},
				"east": {"uv": [0, 0, 16, 13], "texture": "#0"},
				"south": {"uv": [0, 0, 16, 11], "texture": "#0"},
				"west": {"uv": [0, 0, 16, 13], "texture": "#0"},
				"up": {"uv": [0, 0, 16, 10.5], "rotation": 270, "texture": "#0"},
				"down": {"uv": [0, 0, 16, 12.5], "rotation": 90, "texture": "#0"}
			}
		},
		{
			"name": "土台E2",
			"from": [12.5, -5, 4.5],
			"to": [13.5, -3, 11.5],
			"rotation": {"angle": 0, "axis": "y", "origin": [0, 0, 9]},
			"faces": {
				"north": {"uv": [0, 0, 16, 9], "texture": "#0"},
				"east": {"uv": [0, 0, 16, 10.5], "texture": "#0"},
				"south": {"uv": [0, 0, 16, 11.5], "texture": "#0"},
				"west": {"uv": [0, 0, 16, 11.5], "texture": "#0"},
				"up": {"uv": [0, 0, 16, 9], "rotation": 270, "texture": "#0"},
				"down": {"uv": [0, 0, 16, 12], "rotation": 90, "texture": "#0"}
			}
		},
		{
			"from": [5, -3, 5],
			"to": [11, -1, 11],
			"faces": {
				"north": {"uv": [5.5, 3, 7, 3.5], "texture": "#2"},
				"east": {"uv": [5.5, 3.5, 7, 4], "texture": "#2"},
				"south": {"uv": [5.5, 4, 7, 4.5], "texture": "#2"},
				"west": {"uv": [5.5, 4.5, 7, 5], "texture": "#2"},
				"up": {"uv": [7, 1.5, 5.5, 0], "texture": "#2"},
				"down": {"uv": [7, 1.5, 5.5, 3], "texture": "#2"}
			}
		},
		{
			"from": [4, -1.5, 4],
			"to": [12, -0.5, 12],
			"faces": {
				"north": {"uv": [7, 0.75, 9, 1], "texture": "#2"},
				"east": {"uv": [7, 1, 9, 1.25], "texture": "#2"},
				"south": {"uv": [7, 1.25, 9, 1.5], "texture": "#2"},
				"west": {"uv": [7, 1.5, 9, 1.75], "texture": "#2"},
				"up": {"uv": [5, 7, 3, 5], "texture": "#2"},
				"down": {"uv": [7, 5, 5, 7], "texture": "#2"}
			}
		},
		{
			"from": [3, -0.5, 3],
			"to": [13, 0.5, 13],
			"faces": {
				"north": {"uv": [0, 7, 2.5, 7.25], "texture": "#2"},
				"east": {"uv": [7, 0, 9.5, 0.25], "texture": "#2"},
				"south": {"uv": [7, 0.25, 9.5, 0.5], "texture": "#2"},
				"west": {"uv": [7, 0.5, 9.5, 0.75], "texture": "#2"},
				"up": {"uv": [5.5, 2.5, 3, 0], "texture": "#2"},
				"down": {"uv": [5.5, 2.5, 3, 5], "texture": "#2"}
			}
		},
		{
			"name": "1",
			"from": [2, 0.5, 2],
			"to": [14, 1.5, 14],
			"faces": {
				"north": {"uv": [0, 0, 16, 11.5], "texture": "#2"},
				"east": {"uv": [0, 0, 16, 16], "texture": "#2"},
				"south": {"uv": [0, 0, 16, 11], "texture": "#2"},
				"west": {"uv": [0, 0, 16, 13.5], "texture": "#2"},
				"up": {"uv": [16, 12.75, 0, 0], "texture": "#2"},
				"down": {"uv": [16, 0, 0, 15.5], "texture": "#2"}
			}
		},
		{
			"name": "9",
			"from": [2, 28.5, 2],
			"to": [14, 29.5, 14],
			"faces": {
				"north": {"uv": [0, 16, 16, 0], "texture": "#1"},
				"east": {"uv": [0, 0, 16, 15], "texture": "#1"},
				"south": {"uv": [0, 0, 16, 10.25], "texture": "#1"},
				"west": {"uv": [0, 0, 16, 14.75], "texture": "#1"},
				"up": {"uv": [0, 0, 16, 11.33333], "texture": "#1"},
				"down": {"uv": [0, 16, 16, 0], "texture": "#1"}
			}
		},
		{
			"name": "8",
			"from": [1, 23.5, 1],
			"to": [15, 28.5, 15],
			"faces": {
				"north": {"uv": [0, 16, 16, 0], "texture": "#1"},
				"east": {"uv": [0, 0, 16, 8], "texture": "#1"},
				"south": {"uv": [0, 0, 16, 9.5], "texture": "#1"},
				"west": {"uv": [0, 0, 16, 7.25], "texture": "#1"},
				"up": {"uv": [0, 0, 16, 11.47222], "texture": "#1"},
				"down": {"uv": [0, 16, 16, 0], "texture": "#1"}
			}
		},
		{
			"name": "7",
			"from": [2, 22.5, 2],
			"to": [14, 23.5, 14],
			"faces": {
				"north": {"uv": [0, 16, 16, 0], "texture": "#1"},
				"east": {"uv": [0, 0, 16, 8], "texture": "#1"},
				"south": {"uv": [0, 0, 16, 11.25], "texture": "#1"},
				"west": {"uv": [0, 0, 16, 7.25], "texture": "#1"},
				"up": {"uv": [0, 0, 16, 14.33333], "texture": "#1"},
				"down": {"uv": [0, 16, 16, 0], "texture": "#1"}
			}
		},
		{
			"name": "6",
			"from": [1, 21.5, 1],
			"to": [15, 22.5, 15],
			"faces": {
				"north": {"uv": [0, 16, 16, 0], "texture": "#1"},
				"east": {"uv": [0, 0, 16, 8], "texture": "#1"},
				"south": {"uv": [0, 0, 16, 10], "texture": "#1"},
				"west": {"uv": [0, 0, 16, 7.25], "texture": "#1"},
				"up": {"uv": [0, 0, 16, 15.22222], "texture": "#1"},
				"down": {"uv": [0, 16, 16, 0], "texture": "#1"}
			}
		},
		{
			"name": "5",
			"from": [0, 8.5, 0],
			"to": [16, 21.5, 16],
			"faces": {
				"north": {"uv": [0, 16, 16, 0], "texture": "#1"},
				"east": {"uv": [0, 0, 16, 10.77778], "texture": "#1"},
				"south": {"uv": [0, 0, 16, 11.77778], "texture": "#1"},
				"west": {"uv": [0, 0, 16, 10.02778], "texture": "#1"},
				"up": {"uv": [0, 0, 16, 13.86111], "texture": "#1"},
				"down": {"uv": [0, 16, 16, 0], "texture": "#1"}
			}
		},
		{
			"name": "4",
			"from": [1, 7.5, 1],
			"to": [15, 8.5, 15],
			"faces": {
				"north": {"uv": [0, 16, 16, 0], "texture": "#1"},
				"east": {"uv": [0, 0, 16, 8], "texture": "#1"},
				"south": {"uv": [0, 0, 16, 12], "texture": "#1"},
				"west": {"uv": [0, 0, 16, 7.25], "texture": "#1"},
				"up": {"uv": [0, 0, 16, 13.72222], "texture": "#1"},
				"down": {"uv": [0, 16, 16, 0], "texture": "#1"}
			}
		},
		{
			"name": "3",
			"from": [2, 6.5, 2],
			"to": [14, 7.5, 14],
			"faces": {
				"north": {"uv": [0, 16, 16, 0], "texture": "#1"},
				"east": {"uv": [0, 0, 16, 8], "texture": "#1"},
				"south": {"uv": [0, 0, 16, 10.5], "texture": "#1"},
				"west": {"uv": [0, 0, 16, 7.25], "texture": "#1"},
				"up": {"uv": [0, 0, 16, 10.33333], "texture": "#1"},
				"down": {"uv": [0, 16, 16, 0], "texture": "#1"}
			}
		},
		{
			"name": "2",
			"from": [1, 1.5, 1],
			"to": [15, 6.5, 15],
			"faces": {
				"north": {"uv": [0, 16, 16, 0], "texture": "#1"},
				"east": {"uv": [0, 0, 16, 8], "texture": "#1"},
				"south": {"uv": [0, 0, 16, 8], "texture": "#1"},
				"west": {"uv": [0, 0, 16, 7.25], "texture": "#1"},
				"up": {"uv": [0, 0, 16, 8.22222], "texture": "#1"},
				"down": {"uv": [0, 16, 16, 0], "texture": "#1"}
			}
		},
		{
			"name": "W",
			"from": [0, 24, 1.5],
			"to": [1, 28, 14.5],
			"rotation": {"angle": 0, "axis": "y", "origin": [0, 0, 9]},
			"faces": {
				"north": {"uv": [0, 0, 16, 16], "texture": "#1"},
				"east": {"uv": [0, 0, 16, 6.5], "texture": "#1"},
				"south": {"uv": [0, 0, 16, 6.5], "texture": "#1"},
				"west": {"uv": [0, 0, 16, 13], "texture": "#1"},
				"up": {"uv": [0, 0, 16, 6.5], "rotation": 270, "texture": "#1"},
				"down": {"uv": [0, 0, 16, 16], "rotation": 90, "texture": "#1"}
			}
		},
		{
			"name": "N",
			"from": [1.5, 24, 0],
			"to": [14.5, 28, 1],
			"rotation": {"angle": 0, "axis": "y", "origin": [0, 0, 9]},
			"faces": {
				"north": {"uv": [0, 0, 16, 16], "texture": "#1"},
				"east": {"uv": [0, 0, 16, 6.25], "texture": "#1"},
				"south": {"uv": [0, 0, 16, 6.25], "texture": "#1"},
				"west": {"uv": [0, 0, 16, 12.75], "texture": "#1"},
				"up": {"uv": [0, 0, 16, 6.25], "rotation": 180, "texture": "#1"},
				"down": {"uv": [0, 0, 16, 16], "rotation": 180, "texture": "#1"}
			}
		},
		{
			"name": "S",
			"from": [1.5, 24, 15],
			"to": [14.5, 28, 16],
			"rotation": {"angle": 0, "axis": "y", "origin": [0, 0, 9]},
			"faces": {
				"north": {"uv": [0, 0, 16, 16], "texture": "#1"},
				"east": {"uv": [0, 0, 16, 6], "texture": "#1"},
				"south": {"uv": [0, 0, 16, 6], "texture": "#1"},
				"west": {"uv": [0, 0, 16, 12.5], "texture": "#1"},
				"up": {"uv": [0, 0, 16, 6], "texture": "#1"},
				"down": {"uv": [0, 0, 16, 16], "rotation": 180, "texture": "#1"}
			}
		},
		{
			"name": "E",
			"from": [15, 24, 1.5],
			"to": [16, 28, 14.5],
			"rotation": {"angle": 0, "axis": "y", "origin": [0, 0, 9]},
			"faces": {
				"north": {"uv": [0, 0, 16, 16], "texture": "#1"},
				"east": {"uv": [0, 0, 16, 5.25], "texture": "#1"},
				"south": {"uv": [0, 0, 16, 5.25], "texture": "#1"},
				"west": {"uv": [0, 0, 16, 11.75], "texture": "#1"},
				"up": {"uv": [0, 0, 16, 5.25], "rotation": 270, "texture": "#1"},
				"down": {"uv": [0, 0, 16, 16], "rotation": 90, "texture": "#1"}
			}
		},
		{
			"name": "N2",
			"from": [0.5, 10, -1],
			"to": [14.5, 20, 0],
			"rotation": {"angle": 0, "axis": "y", "origin": [0, 0, 10]},
			"faces": {
				"north": {"uv": [0, 0, 16, 16], "texture": "#1"},
				"east": {"uv": [0, 0, 16, 6.94444], "texture": "#1"},
				"south": {"uv": [0, 0, 16, 6.94444], "texture": "#1"},
				"west": {"uv": [0, 0, 16, 7.94444], "texture": "#1"},
				"up": {"uv": [0, 0, 16, 9], "rotation": 180, "texture": "#1"},
				"down": {"uv": [0, 0, 16, 16], "rotation": 180, "texture": "#1"}
			}
		},
		{
			"name": "E2",
			"from": [16, 10, 0.5],
			"to": [17, 20, 15.5],
			"rotation": {"angle": 0, "axis": "y", "origin": [0, 0, 9]},
			"faces": {
				"north": {"uv": [0, 0, 16, 16], "texture": "#1"},
				"east": {"uv": [0, 0, 16, 9.44444], "texture": "#1"},
				"south": {"uv": [0, 0, 16, 9.69444], "texture": "#1"},
				"west": {"uv": [0, 0, 16, 7.94444], "texture": "#1"},
				"up": {"uv": [0, 0, 16, 8.5], "rotation": 270, "texture": "#1"},
				"down": {"uv": [0, 0, 16, 16], "rotation": 90, "texture": "#1"}
			}
		},
		{
			"name": "S2",
			"from": [0.5, 10, 16],
			"to": [15.5, 20, 17],
			"rotation": {"angle": 0, "axis": "y", "origin": [0, 0, 9]},
			"faces": {
				"north": {"uv": [0, 0, 16, 16], "texture": "#1"},
				"east": {"uv": [0, 0, 16, 8.69444], "texture": "#1"},
				"south": {"uv": [0, 0, 16, 6.94444], "texture": "#1"},
				"west": {"uv": [0, 0, 16, 7.94444], "texture": "#1"},
				"up": {"uv": [0, 0, 16, 8.75], "rotation": 180, "texture": "#1"},
				"down": {"uv": [0, 0, 16, 16], "rotation": 180, "texture": "#1"}
			}
		},
		{
			"name": "W2",
			"from": [-1, 10, 0.5],
			"to": [0, 20, 15.5],
			"rotation": {"angle": 0, "axis": "y", "origin": [0, 0, 9]},
			"faces": {
				"north": {"uv": [0, 0, 16, 16], "texture": "#1"},
				"east": {"uv": [0, 0, 16, 9.94444], "texture": "#1"},
				"south": {"uv": [0, 0, 16, 8.94444], "texture": "#1"},
				"west": {"uv": [0, 0, 16, 7.69444], "texture": "#1"},
				"up": {"uv": [0, 0, 16, 8], "rotation": 270, "texture": "#1"},
				"down": {"uv": [0, 0, 16, 16], "rotation": 90, "texture": "#1"}
			}
		},
		{
			"name": "E3",
			"from": [15, 2, 1.5],
			"to": [16, 6, 14.5],
			"rotation": {"angle": 0, "axis": "y", "origin": [0, 0, 9]},
			"faces": {
				"north": {"uv": [0, 0, 16, 16], "texture": "#1"},
				"east": {"uv": [0, 0, 16, 7.75], "texture": "#1"},
				"south": {"uv": [0, 0, 16, 7.75], "texture": "#1"},
				"west": {"uv": [0, 0, 16, 6.5], "texture": "#1"},
				"up": {"uv": [0, 0, 16, 9], "rotation": 270, "texture": "#1"},
				"down": {"uv": [0, 0, 16, 16], "rotation": 90, "texture": "#1"}
			}
		},
		{
			"name": "S",
			"from": [1.5, 2, 15],
			"to": [14.5, 6, 16],
			"rotation": {"angle": 0, "axis": "y", "origin": [0, 0, 9]},
			"faces": {
				"north": {"uv": [0, 0, 16, 16], "texture": "#1"},
				"east": {"uv": [0, 0, 16, 7.25], "texture": "#1"},
				"south": {"uv": [0, 0, 16, 9.5], "texture": "#1"},
				"west": {"uv": [0, 0, 16, 6.5], "texture": "#1"},
				"up": {"uv": [0, 0, 16, 8.5], "rotation": 180, "texture": "#1"},
				"down": {"uv": [0, 0, 16, 16], "rotation": 180, "texture": "#1"}
			}
		},
		{
			"name": "N",
			"from": [1.5, 2, 0],
			"to": [14.5, 6, 1],
			"rotation": {"angle": 0, "axis": "y", "origin": [0, 0, 9]},
			"faces": {
				"north": {"uv": [0, 0, 16, 16], "texture": "#1"},
				"east": {"uv": [0, 0, 14.5, 7.75], "texture": "#1"},
				"south": {"uv": [0, 0, 16, 8.25], "texture": "#1"},
				"west": {"uv": [0, 0, 16, 6.5], "texture": "#1"},
				"up": {"uv": [0, 0, 16, 6.5], "rotation": 180, "texture": "#1"},
				"down": {"uv": [0, 0, 16, 16], "rotation": 180, "texture": "#1"}
			}
		},
		{
			"name": "W",
			"from": [0, 2, 1.5],
			"to": [1, 6, 14.5],
			"rotation": {"angle": 0, "axis": "y", "origin": [0, 0, 9]},
			"faces": {
				"north": {"uv": [0, 0, 16, 16], "texture": "#1"},
				"east": {"uv": [0, 0, 16, 6], "texture": "#1"},
				"south": {"uv": [0, 0, 16, 7], "texture": "#1"},
				"west": {"uv": [0, 0, 16, 6.5], "texture": "#1"},
				"up": {"uv": [0, 0, 16, 8.5], "rotation": 270, "texture": "#1"},
				"down": {"uv": [0, 0, 16, 16], "rotation": 90, "texture": "#1"}
			}
		}
	],
	"groups": [
		{
			"name": "top",
			"origin": [0, 0, 0],
			"color": 0,
			"children": [0, 1, 2]
		},
		{
			"name": "underPlate",
			"origin": [0, 0, 0],
			"color": 0,
			"children": [3, 4, 5, 6, 7, 8, 9, 10, 11]
		},
		{
			"name": "connectPart",
			"origin": [0, 0, 0],
			"color": 0,
			"children": [12, 13, 14, 15]
		},
		{
			"name": "balloon",
			"origin": [0, 0, 0],
			"color": 0,
			"children": [16, 17, 18, 19, 20, 21, 22, 23]
		},
		{
			"name": "balloon side",
			"origin": [8, 8, 8],
			"color": 0,
			"children": [24, 25, 26, 27, 28, 29, 30, 31, 32, 33, 34, 35]
		}
	]
}