{
	"credit": "Made with Blockbench",
	"texture_size": [32, 32],
	"textures": {
		"0": "block/oak_trapdoor",
		"1": "block/oak_trapdoor-1",
		"particle": "block/oak_trapdoor"
	},
	"elements": [
		{
			"from": [0, 0, 3],
			"to": [16, 3, 6],
			"faces": {
				"north": {"uv": [0, 3, 16, 6], "texture": "#0"},
				"east": {"uv": [6.5, 3, 9.5, 6], "texture": "#0"},
				"south": {"uv": [0, 3, 16, 6], "texture": "#0"},
				"west": {"uv": [3, 3, 6, 6], "texture": "#0"},
				"up": {"uv": [0, 3, 16, 6], "texture": "#0"},
				"down": {"uv": [0, 3, 16, 6], "texture": "#1"}
			}
		},
		{
			"from": [0, 0, 11],
			"to": [16, 3, 14],
			"faces": {
				"north": {"uv": [0, 11, 16, 14], "texture": "#0"},
				"east": {"uv": [6.5, 11, 9.5, 14], "texture": "#0"},
				"south": {"uv": [0, 11, 16, 14], "texture": "#0"},
				"west": {"uv": [2.5, 11, 5.5, 14], "texture": "#0"},
				"up": {"uv": [0, 11, 16, 14], "texture": "#0"},
				"down": {"uv": [0, 11, 16, 14], "texture": "#1"}
			}
		},
		{
			"from": [12, 0, 0],
			"to": [15.5, 2, 16],
			"faces": {
				"north": {"uv": [12, 14, 15.5, 16], "texture": "#0"},
				"east": {"uv": [13.5, 0, 15.5, 16], "rotation": 90, "texture": "#0"},
				"south": {"uv": [12, 0, 15.5, 2], "texture": "#0"},
				"west": {"uv": [12, 0, 14, 16], "rotation": 270, "texture": "#0"},
				"up": {"uv": [12, 0, 15.5, 16], "texture": "#0"},
				"down": {"uv": [12, 0, 15.5, 16], "rotation": 180, "texture": "#0"}
			}
		},
		{
			"from": [4.5, 0, 0],
			"to": [7.5, 2, 16],
			"faces": {
				"north": {"uv": [4.5, 14, 7.5, 16], "texture": "#0"},
				"east": {"uv": [5.5, 0, 7.5, 16], "rotation": 90, "texture": "#0"},
				"south": {"uv": [4.5, 0, 7.5, 2], "texture": "#0"},
				"west": {"uv": [4.5, 0, 6.5, 16], "rotation": 270, "texture": "#0"},
				"up": {"uv": [4.5, 0, 7.5, 16], "texture": "#0"},
				"down": {"uv": [4.5, 0, 7.5, 16], "rotation": 180, "texture": "#0"}
			}
		},
		{
			"from": [0.5, 0, 0],
			"to": [4, 2, 16],
			"faces": {
				"north": {"uv": [0.5, 14, 4, 16], "texture": "#0"},
				"east": {"uv": [0.5, 0, 2.5, 16], "rotation": 90, "texture": "#0"},
				"south": {"uv": [0.5, 0, 4, 2], "texture": "#0"},
				"west": {"uv": [0.5, 0, 2.5, 16], "rotation": 270, "texture": "#0"},
				"up": {"uv": [0.5, 0, 4, 16], "texture": "#0"},
				"down": {"uv": [0.5, 0, 4, 16], "rotation": 180, "texture": "#0"}
			}
		},
		{
			"from": [8, 0, 0],
			"to": [11.5, 2, 16],
			"faces": {
				"north": {"uv": [8, 14, 11.5, 16], "texture": "#0"},
				"east": {"uv": [9.5, 0, 11.5, 16], "rotation": 90, "texture": "#0"},
				"south": {"uv": [8, 0, 11.5, 2], "texture": "#0"},
				"west": {"uv": [8, 0, 10, 16], "rotation": 270, "texture": "#0"},
				"up": {"uv": [8, 0, 11.5, 16], "texture": "#0"},
				"down": {"uv": [8, 0, 11.5, 16], "rotation": 180, "texture": "#0"}
			}
		}
	],
	"display": {
		"thirdperson_righthand": {
			"rotation": [75, 45, 0],
			"translation": [0, 2.5, 0],
			"scale": [0.375, 0.375, 0.375]
		},
		"thirdperson_lefthand": {
			"rotation": [75, 45, 0],
			"translation": [0, 2.5, 0],
			"scale": [0.375, 0.375, 0.375]
		},
		"firstperson_righthand": {
			"rotation": [0, 45, 0],
			"translation": [0, 4.75, 0],
			"scale": [0.4, 0.4, 0.4]
		},
		"firstperson_lefthand": {
			"rotation": [0, 225, 0],
			"translation": [0, 4.75, 0],
			"scale": [0.4, 0.4, 0.4]
		},
		"ground": {
			"translation": [0, 3, 0],
			"scale": [0.25, 0.25, 0.25]
		},
		"gui": {
			"rotation": [30, 225, 0],
			"scale": [0.625, 0.625, 0.625]
		},
		"head": {
			"rotation": [0, 180, 0],
			"translation": [0, 13, 7]
		},
		"fixed": {
			"scale": [0.5, 0.5, 0.5]
		}
	},
	"groups": [
		{
			"name": "group",
			"origin": [8, 8, 8],
			"children": [0, 1, 2, 3, 4, 5]
		}
	]
}