{
    "parent": "item/generated",
    "textures": {
        "layer0": "minecraft:item/armor_stand"
	},
	"overrides": [
		{"predicate": {"custom_model_data":1}, "model": 
		"minecraft:item/caustic/gas_trap_as"},
		{"predicate": {"custom_model_data":2}, "model": 
		"minecraft:item/caustic/gas_grenade_model"},
		{"predicate": {"custom_model_data":3}, "model": 
		"minecraft:item/octane/jump_pad_as"},
		{"predicate": {"custom_model_data":4}, "model": 
		"minecraft:item/holizon/lift_model"},
		{"predicate": {"custom_model_data":5}, "model": 
		"minecraft:item/holizon/blackhole_model"}
	]
}