{
    "parent": "minecraft:item/generated",
    "textures": {
        "layer0": "item/stick"
	},

	"overrides": [
	{"predicate":
		{"custom_model_data": 121821},"model":"minecraft:item/bloodhound/allfather"},
	{"predicate":{"custom_model_data": 121822},"model":
		"item/bloodhound/allfather_cooldown"},
	{"predicate":{"custom_model_data": 121823},"model":
		"item/bloodhound/hunting"},
	{"predicate":{"custom_model_data": 121824},"model":
		"item/bloodhound/hunting_cooldown"},
	{"predicate":{"custom_model_data": 121825},"model":
		"item/caustic/gas_trap"},
	{"predicate":{"custom_model_data": 121826},"model":
		"item/caustic/gas_trap_cooldown"},
	{"predicate":{"custom_model_data": 121827},"model":
		"item/caustic/gas_grenade_cooldown"},
	{"predicate":{"custom_model_data": 121828},"model":
		"item/octane/stim"},
	{"predicate":{"custom_model_data": 121829},"model":
		"item/octane/stim_cooldown"},
	{"predicate":{"custom_model_data": 1218210},"model":
		"item/octane/jump_pad"},
	{"predicate":{"custom_model_data": 1218211},"model":
		"item/octane/jump_pad_cooldown"},
	{"predicate":{"custom_model_data": 1218212},"model":
		"item/wraith/void"}
	]
}