{
	"credit": "Made with Blockbench by denden",
	"textures": {
		"0": "item/holizon_blackhole/main",
		"1": "item/holizon_blackhole/side1",
		"2": "item/holizon_blackhole/side2",
		"3": "item/holizon_blackhole/side3",
		"4": "item/holizon_blackhole/top1",
		"5": "item/holizon_blackhole/top2",
		"particle": "main"
	},
	"elements": [
		{
			"name": "main",
			"from": [5, 0, 4],
			"to": [13, 3, 12],
			"rotation": {"angle": 0, "axis": "y", "origin": [8, 0, 8]},
			"faces": {
				"north": {"uv": [6, 0, 12, 3], "texture": "#0"},
				"east": {"uv": [6, 3, 12, 6], "texture": "#0"},
				"south": {"uv": [6, 6, 12, 9], "texture": "#0"},
				"west": {"uv": [6, 9, 12, 12], "texture": "#0"},
				"up": {"uv": [6, 6, 0, 0], "texture": "#0"},
				"down": {"uv": [6, 6, 0, 12], "texture": "#0"}
			}
		},
		{
			"from": [2.5, 0, 6],
			"to": [3.5, 3, 10],
			"rotation": {"angle": 0, "axis": "y", "origin": [9, 0, 3]},
			"faces": {
				"north": {"uv": [0, 3, 1, 6], "texture": "#5"},
				"east": {"uv": [0, 0, 2, 3], "texture": "#5"},
				"south": {"uv": [1, 3, 2, 6], "texture": "#5"},
				"west": {"uv": [2, 0, 4, 3], "texture": "#5"},
				"up": {"uv": [3, 5, 2, 3], "texture": "#5"},
				"down": {"uv": [4, 3, 3, 5], "texture": "#5"}
			}
		},
		{
			"from": [3.5, 0, 5],
			"to": [5, 3, 11],
			"rotation": {"angle": 0, "axis": "y", "origin": [9, 0, 3]},
			"faces": {
				"north": {"uv": [0, 6, 2, 9], "texture": "#4"},
				"east": {"uv": [0, 0, 4, 3], "texture": "#4"},
				"south": {"uv": [6, 0, 8, 3], "texture": "#4"},
				"west": {"uv": [0, 3, 4, 6], "texture": "#4"},
				"up": {"uv": [6, 4, 4, 0], "texture": "#4"},
				"down": {"uv": [6, 4, 4, 8], "texture": "#4"}
			}
		},
		{
			"name": "cube3",
			"from": [9.5, 0, 1],
			"to": [13, 3, 2],
			"rotation": {"angle": 0, "axis": "y", "origin": [9, 0, 13]},
			"faces": {
				"north": {"uv": [0, 0, 2, 3], "texture": "#3"},
				"east": {"uv": [0, 3, 1, 6], "texture": "#3"},
				"south": {"uv": [2, 0, 4, 3], "texture": "#3"},
				"west": {"uv": [1, 3, 2, 6], "texture": "#3"},
				"up": {"uv": [1, 6, 0, 5], "texture": "#3"},
				"down": {"uv": [6, 0, 4, 1], "texture": "#3"}
			}
		},
		{
			"name": "cube1",
			"from": [6.5, 0, 3],
			"to": [13, 3, 4],
			"rotation": {"angle": 0, "axis": "y", "origin": [9, 0, 13]},
			"faces": {
				"north": {"uv": [0, 0, 5, 3], "texture": "#1"},
				"east": {"uv": [5, 2, 6, 5], "texture": "#1"},
				"south": {"uv": [0, 3, 5, 6], "texture": "#1"},
				"west": {"uv": [5, 5, 6, 8], "texture": "#1"},
				"up": {"uv": [10, 1, 5, 0], "texture": "#1"},
				"down": {"uv": [10, 1, 5, 2], "texture": "#1"}
			}
		},
		{
			"name": "cube2",
			"from": [8, 0, 2],
			"to": [13, 3, 3],
			"rotation": {"angle": 0, "axis": "y", "origin": [9, 0, 13]},
			"faces": {
				"north": {"uv": [0, 0, 3, 3], "texture": "#2"},
				"east": {"uv": [3, 0, 4, 3], "texture": "#2"},
				"south": {"uv": [0, 3, 3, 6], "texture": "#2"},
				"west": {"uv": [3, 3, 4, 6], "texture": "#2"},
				"up": {"uv": [7, 1, 4, 0], "texture": "#2"},
				"down": {"uv": [7, 1, 4, 2], "texture": "#2"}
			}
		},
		{
			"name": "cube3",
			"from": [9.5, 0, 14],
			"to": [13, 3, 15],
			"rotation": {"angle": 0, "axis": "y", "origin": [10, 0, 4]},
			"faces": {
				"north": {"uv": [2.5, 0, 1, 3], "texture": "#3"},
				"east": {"uv": [1, 0, 0, 3], "texture": "#3"},
				"south": {"uv": [2, 0, 0.5, 3], "texture": "#3"},
				"west": {"uv": [2, 0, 1, 3], "texture": "#3"},
				"up": {"uv": [0, 4, 1, 5], "texture": "#3"},
				"down": {"uv": [0, 5, 1, 6], "texture": "#3"}
			}
		},
		{
			"name": "cube1",
			"from": [6.5, 0, 12],
			"to": [13, 3, 13],
			"rotation": {"angle": 0, "axis": "y", "origin": [10, 0, 4]},
			"faces": {
				"north": {"uv": [0, 0, 1.25, 0.25], "texture": "#1"},
				"east": {"uv": [5, 5, 6, 8], "texture": "#1"},
				"south": {"uv": [0, 0, 5, 3], "texture": "#1"},
				"west": {"uv": [5, 5, 6, 8], "texture": "#1"},
				"up": {"uv": [1.375, 0.75, 0.25, 0.5], "texture": "#1"},
				"down": {"uv": [1.25, 0.75, 0, 1], "texture": "#1"}
			}
		},
		{
			"name": "cube2",
			"from": [8, 0, 13],
			"to": [13, 3, 14],
			"rotation": {"angle": 0, "axis": "y", "origin": [10, 0, 4]},
			"faces": {
				"north": {"uv": [0, 0, 0.75, 0.25], "texture": "#2"},
				"east": {"uv": [3, 3, 4, 6], "texture": "#2"},
				"south": {"uv": [0, 0, 1, 3], "texture": "#2"},
				"west": {"uv": [3, 3, 4, 6], "texture": "#2"},
				"up": {"uv": [0.75, 0.75, 0, 0.5], "texture": "#2"},
				"down": {"uv": [0.75, 0.75, 0, 1], "texture": "#2"}
			}
		}
	],
	"groups": [
		0,
		{
			"name": "top",
			"origin": [9, 0, 3],
			"color": 0,
			"children": [1, 2]
		},
		{
			"name": "right",
			"origin": [9, 0, 13],
			"color": 0,
			"children": [3, 4, 5]
		},
		{
			"name": "left",
			"origin": [10, 0, 4],
			"color": 0,
			"children": [6, 7, 8]
		}
	]
}