{
	"credit": "Made with Blockbench by denden",
	"textures": {
		"0": "item/holizon_lift/main",
		"1": "item/holizon_lift/side1",
		"2": "item/holizon_lift/side2",
		"3": "item/holizon_lift/side3",
		"4": "item/holizon_lift/botom1",
		"5": "item/holizon_lift/side4",
		"particle": "main"
	},
	"elements": [
		{
			"name": "main",
			"from": [5, 0, 5],
			"to": [11, 1, 11],
			"rotation": {"angle": 0, "axis": "y", "origin": [8, 0, 8]},
			"faces": {
				"north": {"uv": [6, 1, 12, 2], "texture": "#0"},
				"east": {"uv": [6, 2, 12, 3], "texture": "#0"},
				"south": {"uv": [6, 3, 12, 4], "texture": "#0"},
				"west": {"uv": [6, 0, 12, 1], "texture": "#0"},
				"up": {"uv": [6, 6, 0, 0], "rotation": 270, "texture": "#0"},
				"down": {"uv": [6, 6, 0, 12], "rotation": 90, "texture": "#0"}
			}
		},
		{
			"name": "cube1",
			"from": [6.5, 0, 4],
			"to": [11, 1, 5],
			"rotation": {"angle": 0, "axis": "y", "origin": [9, 0, 13]},
			"faces": {
				"north": {"uv": [0, 0, 4.5, 1], "texture": "#1"},
				"east": {"uv": [0, 0, 1, 1], "texture": "#1"},
				"south": {"uv": [0, 0, 4.5, 1], "texture": "#1"},
				"west": {"uv": [0, 0, 1, 1], "texture": "#1"},
				"up": {"uv": [1, 2, 5.5, 3], "rotation": 180, "texture": "#1"},
				"down": {"uv": [0, 0, 4.5, 1], "rotation": 180, "texture": "#1"}
			}
		},
		{
			"name": "cube2",
			"from": [8, 0, 3],
			"to": [11, 1, 4],
			"rotation": {"angle": 0, "axis": "y", "origin": [9, 0, 13]},
			"faces": {
				"north": {"uv": [0, 0, 3, 1], "texture": "#2"},
				"east": {"uv": [0, 0, 1, 1], "texture": "#2"},
				"south": {"uv": [0, 0, 3, 1], "texture": "#2"},
				"west": {"uv": [0, 0, 1, 1], "texture": "#2"},
				"up": {"uv": [0, 2, 3, 3], "rotation": 180, "texture": "#2"},
				"down": {"uv": [0, 0, 3, 1], "rotation": 180, "texture": "#2"}
			}
		},
		{
			"name": "cube3",
			"from": [9.5, 0, 2],
			"to": [11, 1, 3],
			"rotation": {"angle": 0, "axis": "y", "origin": [9, 0, 13]},
			"faces": {
				"north": {"uv": [0, 0, 1.5, 1], "texture": "#3"},
				"east": {"uv": [0, 0, 1, 1], "texture": "#3"},
				"south": {"uv": [0, 0, 1.5, 1], "texture": "#3"},
				"west": {"uv": [0, 0, 1, 1], "texture": "#3"},
				"up": {"uv": [0, 0, 1.5, 1], "rotation": 180, "texture": "#3"},
				"down": {"uv": [0, 0, 1.5, 1], "rotation": 180, "texture": "#3"}
			}
		},
		{
			"name": "cube1",
			"from": [6.5, 0, 11],
			"to": [11, 1, 12],
			"rotation": {"angle": 0, "axis": "y", "origin": [10, 0, 4]},
			"faces": {
				"north": {"uv": [0, 0, 5, 1], "texture": "#1"},
				"east": {"uv": [0, 4, 1, 5], "texture": "#1"},
				"south": {"uv": [0, 1, 5, 2], "texture": "#1"},
				"west": {"uv": [1, 4, 2, 5], "texture": "#1"},
				"up": {"uv": [5.5, 3, 1, 2], "texture": "#1"},
				"down": {"uv": [5, 3, 0, 4], "texture": "#1"}
			}
		},
		{
			"name": "cube2",
			"from": [8, 0, 12],
			"to": [11, 1, 13],
			"rotation": {"angle": 0, "axis": "y", "origin": [10, 0, 4]},
			"faces": {
				"north": {"uv": [0, 0, 3, 1], "texture": "#2"},
				"east": {"uv": [3, 0, 4, 1], "texture": "#2"},
				"south": {"uv": [0, 1, 3, 2], "texture": "#2"},
				"west": {"uv": [3, 1, 4, 2], "texture": "#2"},
				"up": {"uv": [3, 3, 0, 2], "texture": "#2"},
				"down": {"uv": [3, 3, 0, 4], "texture": "#2"}
			}
		},
		{
			"name": "cube3",
			"from": [9.5, 0, 13],
			"to": [11, 1, 14],
			"rotation": {"angle": 0, "axis": "y", "origin": [10, 0, 4]},
			"faces": {
				"north": {"uv": [0, 0, 2, 1], "texture": "#3"},
				"east": {"uv": [2, 1, 3, 2], "texture": "#3"},
				"south": {"uv": [0, 1, 2, 2], "texture": "#3"},
				"west": {"uv": [2, 2, 3, 3], "texture": "#3"},
				"up": {"uv": [2, 3, 0, 2], "texture": "#3"},
				"down": {"uv": [4, 0, 2, 1], "texture": "#3"}
			}
		},
		{
			"from": [3.5, 0, 6],
			"to": [5, 1, 10],
			"rotation": {"angle": 0, "axis": "y", "origin": [9, 0, 3]},
			"faces": {
				"north": {"uv": [0, 5, 2, 6], "texture": "#4"},
				"east": {"uv": [0, 4, 4, 5], "texture": "#4"},
				"south": {"uv": [2, 5, 4, 6], "texture": "#4"},
				"west": {"uv": [4, 0, 8, 1], "texture": "#4"},
				"up": {"uv": [2, 4, 0, 0], "texture": "#4"},
				"down": {"uv": [4, 0, 2, 4], "texture": "#4"}
			}
		},
		{
			"from": [2.5, 0, 7],
			"to": [3.5, 1, 9],
			"rotation": {"angle": 0, "axis": "y", "origin": [9, 0, 3]},
			"faces": {
				"north": {"uv": [2, 0, 4, 1], "texture": "#5"},
				"east": {"uv": [2, 1, 4, 2], "texture": "#5"},
				"south": {"uv": [2, 2, 4, 3], "texture": "#5"},
				"west": {"uv": [2, 3, 4, 4], "texture": "#5"},
				"up": {"uv": [2, 2, 0, 0], "texture": "#5"},
				"down": {"uv": [2, 2, 0, 4], "texture": "#5"}
			}
		}
	],
	"groups": [
		0,
		{
			"name": "left",
			"origin": [0, 0, 0],
			"color": 0,
			"children": [1, 2, 3]
		},
		{
			"name": "right",
			"origin": [0, 0, 0],
			"color": 0,
			"children": [4, 5, 6]
		},
		{
			"name": "botom",
			"origin": [0, 0, 0],
			"color": 0,
			"children": [7, 8]
		}
	]
}