{
	"credit": "Made with Blockbench by denden",
	"texture_size": [32, 32],
	"textures": {
		"0": "item/monbo/test",
		"particle": "test"
	},
	"elements": [
		{
			"from": [3, -16, 4],
			"to": [12, -8, 13],
			"faces": {
				"north": {"uv": [4.5, 0, 9, 4], "texture": "#0"},
				"east": {"uv": [4.5, 4, 9, 8], "texture": "#0"},
				"south": {"uv": [4.5, 8, 9, 12], "texture": "#0"},
				"west": {"uv": [0, 9, 4.5, 13], "texture": "#0"},
				"up": {"uv": [4.5, 4.5, 0, 0], "texture": "#0"},
				"down": {"uv": [4.5, 4.5, 0, 9], "texture": "#0"}
			}
		}
	],
	"display": {
		"thirdperson_righthand": {
			"rotation": [89, -107, 0],
			"translation": [0, 1.75, 3.5],
			"scale": [0.25, 0.25, 0.25]
		},
		"thirdperson_lefthand": {
			"rotation": [87, 80, 0],
			"translation": [0, 0, 2.75],
			"scale": [0.25, 0.25, 0.25]
		},
		"firstperson_righthand": {
			"rotation": [0, -70, 0],
			"translation": [3.75, 6.25, 0],
			"scale": [0.25, 0.25, 0.25]
		},
		"firstperson_lefthand": {
			"rotation": [0, 95, 0],
			"translation": [1.25, 7, 2],
			"scale": [0.25, 0.25, 0.25]
		},
		"ground": {
			"translation": [0, 8.75, 0],
			"scale": [0.5, 0.5, 0.5]
		},
		"gui": {
			"rotation": [0, 24, 0],
			"translation": [0, 7.25, 0],
			"scale": [0.5, 0.5, 0.5]
		},
		"fixed": {
			"rotation": [0, 180, 0],
			"translation": [0, 12, 0],
			"scale": [0.8, 0.8, 0.8]
		}
	}
}