{
	"credit": "Made with Blockbench by denden",
	"textures": {
		"0": "custom_item/jump_pad_model/black",
		"1": "custom_item/jump_pad_model/gray",
		"2": "custom_item/jump_pad_model/green",
		"particle": "custom_item/jump_pad_model/black"
	},
	"elements": [
		{
			"from": [3, 1, -13],
			"to": [11, 4.35, 9],
			"rotation": {"angle": 0, "axis": "y", "origin": [-2, 0, 0]},
			"faces": {
				"north": {"uv": [5, 5, 7, 6], "texture": "#0"},
				"east": {"uv": [0, 5, 5, 6], "texture": "#0"},
				"south": {"uv": [12, 5, 14, 6], "texture": "#0"},
				"west": {"uv": [7, 5, 12, 6], "texture": "#0"},
				"up": {"uv": [7, 5, 5, 0], "texture": "#0"},
				"down": {"uv": [9, 0, 7, 5], "texture": "#0"}
			}
		},
		{
			"from": [6.25, 1, 1.5],
			"to": [30.25, 4.35, 9.5],
			"rotation": {"angle": -22.5, "axis": "y", "origin": [-2, 0, 0]},
			"faces": {
				"north": {"uv": [0, 2, 16, 5.35], "texture": "#0"},
				"east": {"uv": [0, 2, 8, 5.35], "texture": "#0"},
				"south": {"uv": [0, 2, 16, 5.35], "texture": "#0"},
				"west": {"uv": [7, 2, 15, 5.35], "texture": "#0"},
				"up": {"uv": [0, 2, 16, 10], "texture": "#0"},
				"down": {"uv": [0, 0, 16, 8], "texture": "#0"}
			}
		},
		{
			"from": [-15.5, 1, 8.1],
			"to": [6.5, 4.35, 16.1],
			"rotation": {"angle": 22.5, "axis": "y", "origin": [1, 1, 12]},
			"faces": {
				"north": {"uv": [2, 2, 7, 3], "texture": "#0"},
				"east": {"uv": [0, 2, 2, 3], "texture": "#0"},
				"south": {"uv": [9, 2, 14, 3], "texture": "#0"},
				"west": {"uv": [7, 2, 9, 3], "texture": "#0"},
				"up": {"uv": [7, 2, 2, 0], "texture": "#0"},
				"down": {"uv": [12, 0, 7, 2], "texture": "#0"}
			}
		},
		{
			"from": [2, 1.25, 14],
			"to": [12, 3.25, 16],
			"faces": {
				"north": {"uv": [0, 0, 16, 3], "texture": "#1"},
				"east": {"uv": [0, 0, 16, 5], "texture": "#1"},
				"south": {"uv": [0, 0, 16, 5], "texture": "#1"},
				"west": {"uv": [0, 0, 16, 4], "texture": "#1"},
				"up": {"uv": [0, 0, 16, 4], "rotation": 270, "texture": "#1"},
				"down": {"uv": [0, 0, 16, 3], "rotation": 90, "texture": "#1"}
			}
		},
		{
			"from": [-3, 1.25, 16],
			"to": [17, 3.25, 18],
			"faces": {
				"north": {"uv": [0, 0, 16, 1], "texture": "#1"},
				"east": {"uv": [0, 0, 2, 1], "texture": "#1"},
				"south": {"uv": [0, 0, 16, 1], "texture": "#1"},
				"west": {"uv": [0, 0, 2, 1], "texture": "#1"},
				"up": {"uv": [0, 0, 16, 2], "rotation": 270, "texture": "#1"},
				"down": {"uv": [0, 0, 2, 16], "rotation": 90, "texture": "#1"}
			}
		},
		{
			"from": [-7, 1.25, 18],
			"to": [21, 3.25, 20],
			"faces": {
				"north": {"uv": [0, 0, 16, 1], "texture": "#1"},
				"east": {"uv": [0, 0, 2, 1], "texture": "#1"},
				"south": {"uv": [0, 0, 16, 1], "texture": "#1"},
				"west": {"uv": [0, 0, 2, 1], "texture": "#1"},
				"up": {"uv": [0, 0, 16, 2], "rotation": 270, "texture": "#1"},
				"down": {"uv": [0, 0, 2, 16], "rotation": 90, "texture": "#1"}
			}
		},
		{
			"from": [-12, 1.25, 20],
			"to": [24, 3.25, 22],
			"faces": {
				"north": {"uv": [0, 0, 16, 1], "texture": "#1"},
				"east": {"uv": [0, 0, 2, 1], "texture": "#1"},
				"south": {"uv": [0, 0, 16, 1], "texture": "#1"},
				"west": {"uv": [0, 0, 2, 1], "texture": "#1"},
				"up": {"uv": [0, 0, 16, 2], "rotation": 270, "texture": "#1"},
				"down": {"uv": [0, 0, 2, 16], "rotation": 90, "texture": "#1"}
			}
		},
		{
			"from": [-7, 1.25, 22],
			"to": [21, 3.25, 24],
			"faces": {
				"north": {"uv": [0, 0, 16, 1], "texture": "#1"},
				"east": {"uv": [0, 0, 2, 1], "texture": "#1"},
				"south": {"uv": [0, 0, 16, 1], "texture": "#1"},
				"west": {"uv": [0, 0, 2, 1], "texture": "#1"},
				"up": {"uv": [0, 0, 16, 2], "rotation": 270, "texture": "#1"},
				"down": {"uv": [0, 0, 2, 16], "rotation": 90, "texture": "#1"}
			}
		},
		{
			"from": [-3, 1.25, 24],
			"to": [17, 3.25, 26],
			"faces": {
				"north": {"uv": [0, 0, 16, 1], "texture": "#1"},
				"east": {"uv": [0, 0, 2, 1], "texture": "#1"},
				"south": {"uv": [0, 0, 16, 1], "texture": "#1"},
				"west": {"uv": [0, 0, 2, 1], "texture": "#1"},
				"up": {"uv": [0, 0, 16, 2], "rotation": 270, "texture": "#1"},
				"down": {"uv": [0, 0, 2, 16], "rotation": 90, "texture": "#1"}
			}
		},
		{
			"from": [-1, 1.25, 26],
			"to": [13, 3.25, 28],
			"faces": {
				"north": {"uv": [0, 0, 14, 1], "texture": "#1"},
				"east": {"uv": [0, 0, 2, 1], "texture": "#1"},
				"south": {"uv": [0, 0, 14, 1], "texture": "#1"},
				"west": {"uv": [0, 0, 2, 1], "texture": "#1"},
				"up": {"uv": [0, 0, 16, 1], "rotation": 270, "texture": "#1"},
				"down": {"uv": [0, 0, 2, 14], "rotation": 90, "texture": "#1"}
			}
		},
		{
			"from": [3, 1.25, -8],
			"to": [21, 3.25, -6],
			"rotation": {"angle": -22.5, "axis": "y", "origin": [6, 0, 11]},
			"faces": {
				"north": {"uv": [0, 0, 16, 1], "texture": "#1"},
				"east": {"uv": [0, 0, 2, 1], "texture": "#1"},
				"south": {"uv": [0, 0, 16, 1], "texture": "#missing"},
				"west": {"uv": [0, 0, 2, 1], "texture": "#missing"},
				"up": {"uv": [0, 0, 16, 3], "rotation": 90, "texture": "#1"},
				"down": {"uv": [0, 0, 2, 16], "rotation": 270, "texture": "#missing"}
			}
		},
		{
			"from": [1, 1.25, -10],
			"to": [20, 3.25, -8],
			"rotation": {"angle": -22.5, "axis": "y", "origin": [6, 0, 11]},
			"faces": {
				"north": {"uv": [0, 0, 16, 1], "texture": "#1"},
				"east": {"uv": [0, 0, 2, 1], "texture": "#1"},
				"south": {"uv": [0, 0, 16, 1], "texture": "#missing"},
				"west": {"uv": [0, 0, 2, 1], "texture": "#missing"},
				"up": {"uv": [0, 0, 16, 3], "rotation": 90, "texture": "#1"},
				"down": {"uv": [0, 0, 2, 16], "rotation": 270, "texture": "#missing"}
			}
		},
		{
			"from": [2, 1.25, -11],
			"to": [18, 3.25, -9],
			"rotation": {"angle": -22.5, "axis": "y", "origin": [6, 0, 11]},
			"faces": {
				"north": {"uv": [0, 0, 16, 1], "texture": "#1"},
				"east": {"uv": [0, 0, 2, 1], "texture": "#1"},
				"south": {"uv": [0, 0, 16, 1], "texture": "#missing"},
				"west": {"uv": [0, 0, 2, 1], "texture": "#missing"},
				"up": {"uv": [0, 0, 16, 3], "rotation": 90, "texture": "#1"},
				"down": {"uv": [0, 0, 2, 16], "rotation": 270, "texture": "#missing"}
			}
		},
		{
			"from": [8, 1.25, 4],
			"to": [24, 3.25, 6],
			"rotation": {"angle": -22.5, "axis": "y", "origin": [6, 0, 11]},
			"faces": {
				"north": {"uv": [0, 0, 16, 1], "texture": "#1"},
				"east": {"uv": [0, 0, 2, 1], "texture": "#1"},
				"south": {"uv": [0, 0, 16, 1], "texture": "#missing"},
				"west": {"uv": [0, 0, 2, 1], "texture": "#missing"},
				"up": {"uv": [0, 0, 16, 3], "rotation": 90, "texture": "#1"},
				"down": {"uv": [0, 0, 2, 16], "rotation": 270, "texture": "#missing"}
			}
		},
		{
			"from": [4, 1.25, 2],
			"to": [23, 3.25, 4],
			"rotation": {"angle": -22.5, "axis": "y", "origin": [6, 0, 11]},
			"faces": {
				"north": {"uv": [0, 0, 16, 1], "texture": "#1"},
				"east": {"uv": [0, 0, 2, 1], "texture": "#1"},
				"south": {"uv": [0, 0, 16, 1], "texture": "#missing"},
				"west": {"uv": [0, 0, 2, 1], "texture": "#missing"},
				"up": {"uv": [0, 0, 16, 3], "rotation": 90, "texture": "#1"},
				"down": {"uv": [0, 0, 2, 16], "rotation": 270, "texture": "#missing"}
			}
		},
		{
			"from": [4, 1.25, 0],
			"to": [23, 3.25, 2],
			"rotation": {"angle": -22.5, "axis": "y", "origin": [6, 0, 11]},
			"faces": {
				"north": {"uv": [0, 0, 16, 1], "texture": "#1"},
				"east": {"uv": [0, 0, 2, 1], "texture": "#1"},
				"south": {"uv": [0, 0, 16, 1], "texture": "#missing"},
				"west": {"uv": [0, 0, 2, 1], "texture": "#missing"},
				"up": {"uv": [0, 0, 16, 3], "rotation": 90, "texture": "#1"},
				"down": {"uv": [0, 0, 2, 16], "rotation": 270, "texture": "#missing"}
			}
		},
		{
			"from": [5, 1.25, -2],
			"to": [22, 3.25, 0],
			"rotation": {"angle": -22.5, "axis": "y", "origin": [6, 0, 11]},
			"faces": {
				"north": {"uv": [0, 0, 16, 1], "texture": "#1"},
				"east": {"uv": [0, 0, 2, 1], "texture": "#1"},
				"south": {"uv": [0, 0, 16, 1], "texture": "#missing"},
				"west": {"uv": [0, 0, 2, 1], "texture": "#missing"},
				"up": {"uv": [0, 0, 16, 3], "rotation": 90, "texture": "#1"},
				"down": {"uv": [0, 0, 2, 16], "rotation": 270, "texture": "#missing"}
			}
		},
		{
			"from": [5, 1.25, -4],
			"to": [22, 3.25, -2],
			"rotation": {"angle": -22.5, "axis": "y", "origin": [6, 0, 11]},
			"faces": {
				"north": {"uv": [0, 0, 16, 1], "texture": "#1"},
				"east": {"uv": [0, 0, 2, 1], "texture": "#1"},
				"south": {"uv": [0, 0, 16, 1], "texture": "#missing"},
				"west": {"uv": [0, 0, 2, 1], "texture": "#missing"},
				"up": {"uv": [0, 0, 16, 3], "rotation": 90, "texture": "#1"},
				"down": {"uv": [0, 0, 2, 16], "rotation": 270, "texture": "#missing"}
			}
		},
		{
			"from": [0, 1.25, -6],
			"to": [21, 3.25, -4],
			"rotation": {"angle": -22.5, "axis": "y", "origin": [6, 0, 11]},
			"faces": {
				"north": {"uv": [0, 0, 16, 1], "texture": "#1"},
				"east": {"uv": [0, 0, 2, 1], "texture": "#1"},
				"south": {"uv": [0, 0, 16, 1], "texture": "#missing"},
				"west": {"uv": [0, 0, 2, 1], "texture": "#missing"},
				"up": {"uv": [0, 0, 16, 3], "rotation": 90, "texture": "#1"},
				"down": {"uv": [0, 0, 2, 16], "rotation": 270, "texture": "#missing"}
			}
		},
		{
			"from": [-11, 1.25, -8],
			"to": [-9, 3.25, 13],
			"rotation": {"angle": 0, "axis": "y", "origin": [6, 0, 11]},
			"faces": {
				"north": {"uv": [0, 0, 2, 1], "texture": "#1"},
				"east": {"uv": [0, 0, 16, 1], "texture": "#missing"},
				"south": {"uv": [0, 0, 2, 1], "texture": "#missing"},
				"west": {"uv": [0, 0, 16, 1], "texture": "#1"},
				"up": {"uv": [0, 0, 16, 2], "texture": "#1"},
				"down": {"uv": [0, 0, 2, 16], "texture": "#missing"}
			}
		},
		{
			"from": [-13, 1.25, -6],
			"to": [-11, 3.25, 13],
			"rotation": {"angle": 0, "axis": "y", "origin": [6, 0, 11]},
			"faces": {
				"north": {"uv": [0, 0, 2, 1], "texture": "#1"},
				"east": {"uv": [0, 0, 16, 1], "texture": "#1"},
				"south": {"uv": [0, 0, 2, 1], "texture": "#1"},
				"west": {"uv": [0, 0, 16, 1], "texture": "#1"},
				"up": {"uv": [0, 0, 16, 2], "texture": "#1"},
				"down": {"uv": [0, 0, 2, 16], "texture": "#1"}
			}
		},
		{
			"from": [-13, 1.25, -3],
			"to": [-11, 3.25, 13],
			"rotation": {"angle": 0, "axis": "y", "origin": [6, 0, 11]},
			"faces": {
				"north": {"uv": [0, 0, 2, 1], "texture": "#1"},
				"east": {"uv": [0, 0, 16, 1], "texture": "#missing"},
				"south": {"uv": [0, 0, 2, 1], "texture": "#missing"},
				"west": {"uv": [0, 0, 16, 1], "texture": "#1"},
				"up": {"uv": [0, 0, 16, 2], "texture": "#1"},
				"down": {"uv": [0, 0, 2, 16], "texture": "#missing"}
			}
		},
		{
			"from": [1, 1.25, -12],
			"to": [3, 3.25, 9],
			"rotation": {"angle": 0, "axis": "y", "origin": [6, 0, 11]},
			"faces": {
				"north": {"uv": [0, 0, 2, 1], "texture": "#1"},
				"east": {"uv": [0, 0, 16, 1], "texture": "#missing"},
				"south": {"uv": [0, 0, 2, 1], "texture": "#missing"},
				"west": {"uv": [0, 0, 16, 1], "texture": "#1"},
				"up": {"uv": [0, 0, 16, 2], "texture": "#1"},
				"down": {"uv": [0, 0, 2, 16], "texture": "#missing"}
			}
		},
		{
			"from": [-1, 1.25, -11],
			"to": [1, 3.25, 9],
			"rotation": {"angle": 0, "axis": "y", "origin": [6, 0, 11]},
			"faces": {
				"north": {"uv": [0, 0, 2, 1], "texture": "#1"},
				"east": {"uv": [0, 0, 16, 1], "texture": "#missing"},
				"south": {"uv": [0, 0, 2, 1], "texture": "#missing"},
				"west": {"uv": [0, 0, 16, 1], "texture": "#1"},
				"up": {"uv": [0, 0, 16, 2], "texture": "#1"},
				"down": {"uv": [0, 0, 2, 16], "texture": "#missing"}
			}
		},
		{
			"from": [-3, 1.25, -11],
			"to": [-1, 3.25, 10],
			"rotation": {"angle": 0, "axis": "y", "origin": [6, 0, 11]},
			"faces": {
				"north": {"uv": [0, 0, 2, 1], "texture": "#1"},
				"east": {"uv": [0, 0, 16, 1], "texture": "#missing"},
				"south": {"uv": [0, 0, 2, 1], "texture": "#missing"},
				"west": {"uv": [0, 0, 16, 1], "texture": "#1"},
				"up": {"uv": [0, 0, 16, 2], "texture": "#1"},
				"down": {"uv": [0, 0, 2, 16], "texture": "#missing"}
			}
		},
		{
			"from": [-5, 1.25, -10],
			"to": [-3, 3.25, 10],
			"rotation": {"angle": 0, "axis": "y", "origin": [6, 0, 11]},
			"faces": {
				"north": {"uv": [0, 0, 2, 1], "texture": "#1"},
				"east": {"uv": [0, 0, 16, 1], "texture": "#missing"},
				"south": {"uv": [0, 0, 2, 1], "texture": "#missing"},
				"west": {"uv": [0, 0, 16, 1], "texture": "#1"},
				"up": {"uv": [0, 0, 16, 2], "texture": "#1"},
				"down": {"uv": [0, 0, 2, 16], "texture": "#missing"}
			}
		},
		{
			"from": [-7, 1.25, -10],
			"to": [-5, 3.25, 12],
			"rotation": {"angle": 0, "axis": "y", "origin": [6, 0, 11]},
			"faces": {
				"north": {"uv": [0, 0, 2, 1], "texture": "#1"},
				"east": {"uv": [0, 0, 16, 1], "texture": "#missing"},
				"south": {"uv": [0, 0, 2, 1], "texture": "#missing"},
				"west": {"uv": [0, 0, 16, 1], "texture": "#1"},
				"up": {"uv": [0, 0, 16, 2], "texture": "#1"},
				"down": {"uv": [0, 0, 2, 16], "texture": "#missing"}
			}
		},
		{
			"from": [-9, 1.25, -8],
			"to": [-7, 3.25, 13],
			"rotation": {"angle": 0, "axis": "y", "origin": [6, 0, 11]},
			"faces": {
				"north": {"uv": [0, 0, 2, 1], "texture": "#1"},
				"east": {"uv": [0, 0, 16, 1], "texture": "#missing"},
				"south": {"uv": [0, 0, 2, 1], "texture": "#missing"},
				"west": {"uv": [0, 0, 16, 1], "texture": "#1"},
				"up": {"uv": [0, 0, 16, 2], "texture": "#1"},
				"down": {"uv": [0, 0, 2, 16], "texture": "#missing"}
			}
		},
		{
			"name": "1",
			"from": [-9, 0, -15.75],
			"to": [21, 2, 17.25],
			"rotation": {"angle": -22.5, "axis": "y", "origin": [2, 0, 5]},
			"faces": {
				"north": {"uv": [2, 9, 8, 10], "texture": "#2"},
				"east": {"uv": [0, 9, 2, 10], "texture": "#2"},
				"south": {"uv": [10, 9, 16, 10], "texture": "#2"},
				"west": {"uv": [8, 9, 10, 10], "texture": "#2"},
				"up": {"uv": [8, 9, 2, 7], "texture": "#2"},
				"down": {"uv": [14, 7, 8, 9], "texture": "#2"}
			}
		},
		{
			"name": "2",
			"from": [-15.25, 0, -6],
			"to": [24.75, 2, 14],
			"rotation": {"angle": -45, "axis": "y", "origin": [4, 0, 5]},
			"faces": {
				"north": {"uv": [4, 14, 6, 15], "texture": "#2"},
				"east": {"uv": [0, 14, 4, 15], "texture": "#2"},
				"south": {"uv": [10, 14, 12, 15], "texture": "#2"},
				"west": {"uv": [6, 14, 10, 15], "texture": "#2"},
				"up": {"uv": [6, 14, 4, 10], "texture": "#2"},
				"down": {"uv": [8, 10, 6, 14], "texture": "#2"}
			}
		},
		{
			"name": "2",
			"from": [4.75, 0, 14.5],
			"to": [24.75, 2, 32],
			"rotation": {"angle": -45, "axis": "y", "origin": [10, 0, 0]},
			"faces": {
				"north": {"uv": [0, 14, 4, 15], "texture": "#2"},
				"east": {"uv": [10, 14, 12, 15], "texture": "#2"},
				"south": {"uv": [6, 14, 10, 15], "texture": "#2"},
				"west": {"uv": [4, 14, 6, 15], "texture": "#2"},
				"up": {"uv": [6, 14, 4, 10], "rotation": 270, "texture": "#2"},
				"down": {"uv": [8, 10, 6, 14], "rotation": 90, "texture": "#2"}
			}
		},
		{
			"name": "2",
			"from": [24.5, 0, -5],
			"to": [26.5, 2, 21.5],
			"rotation": {"angle": 0, "axis": "y", "origin": [14, 0, 18]},
			"faces": {
				"north": {"uv": [4, 14, 6, 15], "texture": "#2"},
				"east": {"uv": [0, 14, 4, 15], "texture": "#2"},
				"south": {"uv": [10, 14, 12, 15], "texture": "#2"},
				"west": {"uv": [6, 14, 10, 15], "texture": "#2"},
				"up": {"uv": [6, 14, 4, 10], "texture": "#2"},
				"down": {"uv": [8, 10, 6, 14], "texture": "#2"}
			}
		},
		{
			"name": "2-2",
			"from": [29, 0, 0],
			"to": [32, 1.5, 16],
			"rotation": {"angle": 0, "axis": "y", "origin": [14, 0, 18]},
			"faces": {
				"north": {"uv": [12, 2.5, 15, 1.5], "texture": "#2"},
				"east": {"uv": [0, 12, 16, 0], "texture": "#0"},
				"south": {"uv": [0, 12, 16, 0], "texture": "#0"},
				"west": {"uv": [12, 2.5, 15, 1.5], "texture": "#2"},
				"up": {"uv": [4, 3, 3, 0], "texture": "#2"},
				"down": {"uv": [5, 0, 4, 3], "texture": "#2"}
			}
		},
		{
			"name": "3",
			"from": [8, 0, -13],
			"to": [26, 1.75, -10],
			"rotation": {"angle": 45, "axis": "y", "origin": [5, 0, 22]},
			"faces": {
				"north": {"uv": [0, 4, 16, 13], "texture": "#2"},
				"east": {"uv": [0, 4.5, 16, 13], "texture": "#2"},
				"south": {"uv": [0, 4, 16, 13.5], "texture": "#2"},
				"west": {"uv": [0, 5, 16, 15], "texture": "#2"},
				"up": {"uv": [16, 14, 0, 5.5], "rotation": 90, "texture": "#2"},
				"down": {"uv": [16, 10.5, 12, 12.5], "rotation": 270, "texture": "#2"}
			}
		},
		{
			"name": "3",
			"from": [-10.25, 0, -1.75],
			"to": [-7.25, 1.75, 16.25],
			"rotation": {"angle": 45, "axis": "y", "origin": [14, 0, 18]},
			"faces": {
				"north": {"uv": [0, 7, 14, 13], "texture": "#2"},
				"east": {"uv": [0, 8.5, 16, 13], "texture": "#2"},
				"south": {"uv": [0, 7.5, 20, 13], "texture": "#2"},
				"west": {"uv": [0, 8, 16, 13], "texture": "#2"},
				"up": {"uv": [16, 14, 0, 6.5], "texture": "#2"},
				"down": {"uv": [18, 10, 14, 12], "texture": "#2"}
			}
		},
		{
			"name": "3",
			"from": [26.25, 0, -0.5],
			"to": [29.25, 1.75, 17.5],
			"rotation": {"angle": 0, "axis": "y", "origin": [14, 0, 18]},
			"faces": {
				"north": {"uv": [0, 11, 16, 13], "texture": "#2"},
				"east": {"uv": [14, 12, 16, 13], "texture": "#2"},
				"south": {"uv": [0, 4.5, 16, 13], "texture": "#2"},
				"west": {"uv": [8, 12, 10, 13], "texture": "#2"},
				"up": {"uv": [14, 12, 10, 10], "rotation": 180, "texture": "#2"},
				"down": {"uv": [16, 6, 0, 15], "rotation": 180, "texture": "#2"}
			}
		},
		{
			"name": "4-2",
			"from": [3, 0, 25.5],
			"to": [19, 1.5, 28.5],
			"rotation": {"angle": -45, "axis": "y", "origin": [-2, 0, 0]},
			"faces": {
				"north": {"uv": [11.5, 5.5, 15, 3], "texture": "#2"},
				"east": {"uv": [0, 15, 16, 0], "texture": "#0"},
				"south": {"uv": [0, 15, 16, 0], "texture": "#0"},
				"west": {"uv": [0, 14, 16, 0], "texture": "#0"},
				"up": {"uv": [15, 3, 12, 2], "texture": "#2"},
				"down": {"uv": [18, 2, 15, 3], "texture": "#2"}
			}
		},
		{
			"name": "5",
			"from": [-16, 0, -2.5],
			"to": [26, 2, 18.5],
			"rotation": {"angle": 0, "axis": "y", "origin": [-24, 0, 8]},
			"faces": {
				"north": {"uv": [4, 14, 6, 15], "texture": "#2"},
				"east": {"uv": [0, 14, 4, 15], "texture": "#2"},
				"south": {"uv": [10, 14, 12, 15], "texture": "#2"},
				"west": {"uv": [6, 14, 10, 15], "texture": "#2"},
				"up": {"uv": [6, 14, 4, 10], "texture": "#2"},
				"down": {"uv": [8, 10, 6, 14], "texture": "#2"}
			}
		},
		{
			"name": "6",
			"from": [-14, 0, 24],
			"to": [16, 2, 31],
			"rotation": {"angle": 22.5, "axis": "y", "origin": [-2, 0, 0]},
			"faces": {
				"north": {"uv": [2, 9, 8, 10], "texture": "#2"},
				"east": {"uv": [0, 9, 2, 10], "texture": "#2"},
				"south": {"uv": [10, 9, 16, 10], "texture": "#2"},
				"west": {"uv": [8, 9, 10, 10], "texture": "#2"},
				"up": {"uv": [8, 9, 2, 7], "texture": "#2"},
				"down": {"uv": [14, 7, 8, 9], "texture": "#2"}
			}
		},
		{
			"name": "6-2",
			"from": [-5.52, 0, -14.25],
			"to": [10.48, 1.5, -11.25],
			"rotation": {"angle": 45, "axis": "y", "origin": [-4, 0, 5]},
			"faces": {
				"north": {"uv": [12, 2, 15, 2], "texture": "#2"},
				"east": {"uv": [0, 2, 16, 9], "texture": "#0"},
				"south": {"uv": [17, 2, 20, 2], "texture": "#2"},
				"west": {"uv": [0, 3, 17, 8], "texture": "#0"},
				"up": {"uv": [15, 2, 12, 0], "texture": "#2"},
				"down": {"uv": [18, 0, 15, 2], "texture": "#2"}
			}
		}
	],
	"groups": [
		{
			"name": "all",
			"origin": [8, 8, 8],
			"color": 0,
			"children": [
				{
					"name": "top",
					"origin": [8, 8, 8],
					"color": 0,
					"children": [
						{
							"name": "Y",
							"origin": [0, 0, 0],
							"color": 0,
							"children": [0, 1, 2]
						},
						{
							"name": "1",
							"origin": [8, 8, 8],
							"color": 0,
							"children": [3, 4, 5, 6, 7, 8, 9]
						},
						{
							"name": "2",
							"origin": [8, 8, 8],
							"color": 0,
							"children": [10, 11, 12, 13, 14, 15, 16, 17, 18]
						},
						{
							"name": "3",
							"origin": [8, 8, 8],
							"color": 0,
							"children": [19, 20, 21, 22, 23, 24, 25, 26, 27]
						}
					]
				},
				{
					"name": "under",
					"origin": [8, 8, 8],
					"color": 0,
					"children": [28, 29, 30, 31, 32, 33, 34, 35, 36, 37, 38, 39]
				}
			]
		}
	]
}